{
  "createOrder" : {
    "transaction" : "createOrder",
    "sampleCount" : 3,
    "errorCount" : 0,
    "errorPct" : 0.0,
    "meanResTime" : 107.33333333333333,
    "minResTime" : 107.0,
    "maxResTime" : 108.0,
    "pct1ResTime" : 108.0,
    "pct2ResTime" : 108.0,
    "pct3ResTime" : 108.0,
    "throughput" : 1.0578279266572639,
    "receivedKBytesPerSec" : 0.42561045486600846,
    "sentKBytesPerSec" : 0.9555574532792667
  },
  "T02_ Login page" : {
    "transaction" : "T02_ Login page",
    "sampleCount" : 3,
    "errorCount" : 0,
    "errorPct" : 0.0,
    "meanResTime" : 106.66666666666667,
    "minResTime" : 106.0,
    "maxResTime" : 107.0,
    "pct1ResTime" : 107.0,
    "pct2ResTime" : 107.0,
    "pct3ResTime" : 107.0,
    "throughput" : 1.053370786516854,
    "receivedKBytesPerSec" : 0.42381715238764045,
    "sentKBytesPerSec" : 0.9186133909761236
  },
  "T03_ Login submit" : {
    "transaction" : "T03_ Login submit",
    "sampleCount" : 3,
    "errorCount" : 0,
    "errorPct" : 0.0,
    "meanResTime" : 221.66666666666666,
    "minResTime" : 219.0,
    "maxResTime" : 226.0,
    "pct1ResTime" : 226.0,
    "pct2ResTime" : 226.0,
    "pct3ResTime" : 226.0,
    "throughput" : 1.0138560324433932,
    "receivedKBytesPerSec" : 0.7940552129097668,
    "sentKBytesPerSec" : 2.010880470598175
  },
  "T05_ SignOff" : {
    "transaction" : "T05_ SignOff",
    "sampleCount" : 3,
    "errorCount" : 0,
    "errorPct" : 0.0,
    "meanResTime" : 214.0,
    "minResTime" : 213.0,
    "maxResTime" : 215.0,
    "pct1ResTime" : 215.0,
    "pct2ResTime" : 215.0,
    "pct3ResTime" : 215.0,
    "throughput" : 1.021450459652707,
    "receivedKBytesPerSec" : 0.8079832737487233,
    "sentKBytesPerSec" : 1.8084860188968337
  },
  "T01_ Home page" : {
    "transaction" : "T01_ Home page",
    "sampleCount" : 3,
    "errorCount" : 0,
    "errorPct" : 0.0,
    "meanResTime" : 204.66666666666666,
    "minResTime" : 146.0,
    "maxResTime" : 320.0,
    "pct1ResTime" : 320.0,
    "pct2ResTime" : 320.0,
    "pct3ResTime" : 320.0,
    "throughput" : 0.9430996541967935,
    "receivedKBytesPerSec" : 0.36931929817667397,
    "sentKBytesPerSec" : 0.5461504833385727
  },
  "placeOrder" : {
    "transaction" : "placeOrder",
    "sampleCount" : 3,
    "errorCount" : 0,
    "errorPct" : 0.0,
    "meanResTime" : 127.0,
    "minResTime" : 116.0,
    "maxResTime" : 135.0,
    "pct1ResTime" : 135.0,
    "pct2ResTime" : 135.0,
    "pct3ResTime" : 135.0,
    "throughput" : 1.0496850944716585,
    "receivedKBytesPerSec" : 0.4090081569279216,
    "sentKBytesPerSec" : 1.5150728219034288
  },
  "viewAccount" : {
    "transaction" : "viewAccount",
    "sampleCount" : 3,
    "errorCount" : 0,
    "errorPct" : 0.0,
    "meanResTime" : 114.33333333333333,
    "minResTime" : 112.0,
    "maxResTime" : 119.0,
    "pct1ResTime" : 119.0,
    "pct2ResTime" : 119.0,
    "pct3ResTime" : 119.0,
    "throughput" : 1.0518934081346423,
    "receivedKBytesPerSec" : 0.41192310220897616,
    "sentKBytesPerSec" : 1.1412632582398317
  },
  "signOff" : {
    "transaction" : "signOff",
    "sampleCount" : 3,
    "errorCount" : 0,
    "errorPct" : 0.0,
    "meanResTime" : 107.0,
    "minResTime" : 107.0,
    "maxResTime" : 107.0,
    "pct1ResTime" : 107.0,
    "pct2ResTime" : 107.0,
    "pct3ResTime" : 107.0,
    "throughput" : 1.0596962204168139,
    "receivedKBytesPerSec" : 0.42325757241257506,
    "sentKBytesPerSec" : 0.9448268058989756
  },
  "signonForm" : {
    "transaction" : "signonForm",
    "sampleCount" : 3,
    "errorCount" : 0,
    "errorPct" : 0.0,
    "meanResTime" : 106.66666666666667,
    "minResTime" : 106.0,
    "maxResTime" : 107.0,
    "pct1ResTime" : 107.0,
    "pct2ResTime" : 107.0,
    "pct3ResTime" : 107.0,
    "throughput" : 1.053001053001053,
    "receivedKBytesPerSec" : 0.4236683924183924,
    "sentKBytesPerSec" : 0.9182909573534573
  },
  "viewProduct" : {
    "transaction" : "viewProduct",
    "sampleCount" : 3,
    "errorCount" : 0,
    "errorPct" : 0.0,
    "meanResTime" : 107.66666666666667,
    "minResTime" : 107.0,
    "maxResTime" : 109.0,
    "pct1ResTime" : 109.0,
    "pct2ResTime" : 109.0,
    "pct3ResTime" : 109.0,
    "throughput" : 1.056338028169014,
    "receivedKBytesPerSec" : 0.4456426056338028,
    "sentKBytesPerSec" : 0.9727800396126761
  },
  "confirmOrder" : {
    "transaction" : "confirmOrder",
    "sampleCount" : 3,
    "errorCount" : 0,
    "errorPct" : 0.0,
    "meanResTime" : 107.66666666666667,
    "minResTime" : 107.0,
    "maxResTime" : 108.0,
    "pct1ResTime" : 108.0,
    "pct2ResTime" : 108.0,
    "pct3ResTime" : 108.0,
    "throughput" : 1.0596962204168139,
    "receivedKBytesPerSec" : 0.4377456066760862,
    "sentKBytesPerSec" : 0.9334433504062168
  },
  "JDBC Request" : {
    "transaction" : "JDBC Request",
    "sampleCount" : 1,
    "errorCount" : 1,
    "errorPct" : 100.0,
    "meanResTime" : 711.0,
    "minResTime" : 711.0,
    "maxResTime" : 711.0,
    "pct1ResTime" : 711.0,
    "pct2ResTime" : 711.0,
    "pct3ResTime" : 711.0,
    "throughput" : 1.4064697609001406,
    "receivedKBytesPerSec" : 0.09614539381153306,
    "sentKBytesPerSec" : 0.0
  },
  "viewCategory" : {
    "transaction" : "viewCategory",
    "sampleCount" : 3,
    "errorCount" : 0,
    "errorPct" : 0.0,
    "meanResTime" : 107.33333333333333,
    "minResTime" : 107.0,
    "maxResTime" : 108.0,
    "pct1ResTime" : 108.0,
    "pct2ResTime" : 108.0,
    "pct3ResTime" : 108.0,
    "throughput" : 1.055594651653765,
    "receivedKBytesPerSec" : 0.44739070197044334,
    "sentKBytesPerSec" : 0.9432315490851513
  },
  "Total" : {
    "transaction" : "Total",
    "sampleCount" : 38,
    "errorCount" : 1,
    "errorPct" : 2.631579,
    "meanResTime" : 139.5526315789474,
    "minResTime" : 106.0,
    "maxResTime" : 711.0,
    "pct1ResTime" : 165.20000000000024,
    "pct2ResTime" : 375.649999999999,
    "pct3ResTime" : 711.0,
    "throughput" : 7.042253521126761,
    "receivedKBytesPerSec" : 2.710521972294292,
    "sentKBytesPerSec" : 6.211741046608599
  },
  "T04_ Create Order" : {
    "transaction" : "T04_ Create Order",
    "sampleCount" : 3,
    "errorCount" : 0,
    "errorPct" : 0.0,
    "meanResTime" : 664.3333333333334,
    "minResTime" : 653.0,
    "maxResTime" : 674.0,
    "pct1ResTime" : 674.0,
    "pct2ResTime" : 674.0,
    "pct3ResTime" : 674.0,
    "throughput" : 0.8823529411764707,
    "receivedKBytesPerSec" : 2.1843405330882355,
    "sentKBytesPerSec" : 5.265682444852941
  },
  "viewCatalog" : {
    "transaction" : "viewCatalog",
    "sampleCount" : 9,
    "errorCount" : 0,
    "errorPct" : 0.0,
    "meanResTime" : 139.66666666666666,
    "minResTime" : 106.0,
    "maxResTime" : 320.0,
    "pct1ResTime" : 320.0,
    "pct2ResTime" : 320.0,
    "pct3ResTime" : 320.0,
    "throughput" : 2.0847810979847115,
    "receivedKBytesPerSec" : 0.8164035354412786,
    "sentKBytesPerSec" : 1.6375575486448921
  },
  "viewCart" : {
    "transaction" : "viewCart",
    "sampleCount" : 3,
    "errorCount" : 0,
    "errorPct" : 0.0,
    "meanResTime" : 107.33333333333333,
    "minResTime" : 107.0,
    "maxResTime" : 108.0,
    "pct1ResTime" : 108.0,
    "pct2ResTime" : 108.0,
    "pct3ResTime" : 108.0,
    "throughput" : 1.0570824524312896,
    "receivedKBytesPerSec" : 0.4490535808668076,
    "sentKBytesPerSec" : 0.9786271141649049
  },
  "OS Process Sampler" : {
    "transaction" : "OS Process Sampler",
    "sampleCount" : 1,
    "errorCount" : 0,
    "errorPct" : 0.0,
    "meanResTime" : 358.0,
    "minResTime" : 358.0,
    "maxResTime" : 358.0,
    "pct1ResTime" : 358.0,
    "pct2ResTime" : 358.0,
    "pct3ResTime" : 358.0,
    "throughput" : 2.793296089385475,
    "receivedKBytesPerSec" : 0.07365136173184358,